,YEAR,MONTH,DAY,HOUR,MINUTE,X,Y
YEAR,1.0,0.010681409127422083,0.00973578691467942,0.03597108143678682,0.05609865557235915,0.022152732239023115,0.022399938179942794
MONTH,0.010681409127422083,1.0,0.006061918920840971,0.002013466113333711,0.003962715800715226,0.001751411759762811,0.0016797474921419486
DAY,0.00973578691467942,0.006061918920840971,1.0,0.004695935380161851,0.003184913182751605,0.002729391138476826,0.002768911526074555
HOUR,0.03597108143678682,0.002013466113333711,0.004695935380161851,1.0,0.11471660729563257,0.5116859345208219,0.5116938007498264
MINUTE,0.05609865557235915,0.003962715800715226,0.003184913182751605,0.11471660729563257,1.0,0.2682153743472723,0.26801355372470287
X,0.022152732239023115,0.001751411759762811,0.002729391138476826,0.5116859345208219,0.2682153743472723,1.0,0.9998317314652411
Y,0.022399938179942794,0.0016797474921419486,0.002768911526074555,0.5116938007498264,0.26801355372470287,0.9998317314652411,1.0
