,YEAR,MONTH,DAY,HOUR,MINUTE,X,Y
YEAR,1.0,0.01068140912742203,0.009735786914679415,0.035971081436788746,0.05609865557235802,0.022152732239027598,0.02239993817994712
MONTH,0.01068140912742203,1.0,0.0060619189208409585,0.0020134661133337094,0.003962715800715224,0.0017514117597628143,0.0016797474921419497
DAY,0.009735786914679415,0.0060619189208409585,1.0,0.004695935380161839,0.0031849131827516083,0.0027293911384768206,0.002768911526074549
HOUR,0.035971081436788746,0.0020134661133337094,0.004695935380161839,1.0,0.11471660729563256,0.5116859345208219,0.5116938007498265
MINUTE,0.05609865557235802,0.003962715800715224,0.0031849131827516083,0.11471660729563256,1.0,0.2682153743472723,0.2680135537247029
X,0.022152732239027598,0.0017514117597628143,0.0027293911384768206,0.5116859345208219,0.2682153743472723,1.0,0.9998317314652411
Y,0.02239993817994712,0.0016797474921419497,0.002768911526074549,0.5116938007498265,0.2680135537247029,0.9998317314652411,1.0
